{"cameraMode":{"drawMode":0,"name":"Shaded","section":"Shading Mode"},"sceneLighting":false,"audioPlay":false,"sceneViewState":{"showFog":true,"showMaterialUpdate":false,"showSkybox":false,"showFlares":true,"showImageEffects":true,"showParticleSystems":true},"in2DMode":false,"pivot":{"x":-0.14328578114509583,"y":1.701852798461914,"z":-5.960464477539063e-8},"rotation":{"x":-0.3281732201576233,"y":-0.04758412390947342,"z":0.01655486971139908,"w":-0.9432768225669861},"size":9.748331069946289,"orthographic":false}