{"cameraMode":{"drawMode":0,"name":"Shaded","section":"Shading Mode"},"sceneLighting":false,"audioPlay":false,"sceneViewState":{"showFog":true,"showMaterialUpdate":false,"showSkybox":false,"showFlares":true,"showImageEffects":true,"showParticleSystems":true},"in2DMode":false,"pivot":{"x":-0.1968994140625,"y":0.6357421875,"z":-2.5050048828125},"rotation":{"x":0.005395465064793825,"y":0.04799270257353783,"z":-0.0001554533955641091,"w":0.9988735318183899},"size":6.605372428894043,"orthographic":true}