{"cameraMode":{"drawMode":0,"name":"Shaded","section":"Shading Mode"},"sceneLighting":false,"audioPlay":false,"sceneViewState":{"showFog":true,"showMaterialUpdate":false,"showSkybox":false,"showFlares":true,"showImageEffects":true,"showParticleSystems":true},"in2DMode":false,"pivot":{"x":28.357421875,"y":1.962158203125,"z":55.11669921875},"rotation":{"x":0.1035626232624054,"y":0.8653931617736816,"z":-0.2002546787261963,"w":0.4475628435611725},"size":4.536812782287598,"orthographic":true}