{"cameraMode":{"drawMode":0,"name":"Shaded","section":"Shading Mode"},"sceneLighting":false,"audioPlay":false,"sceneViewState":{"showFog":true,"showMaterialUpdate":false,"showSkybox":false,"showFlares":true,"showImageEffects":true,"showParticleSystems":true},"in2DMode":false,"pivot":{"x":23.56599998474121,"y":1.7228431701660157,"z":55.071815490722659},"rotation":{"x":-0.44476714730262759,"y":0.26278889179229739,"z":-0.13832181692123414,"w":-0.845013439655304},"size":25.960344314575197,"orthographic":false}