{"cameraMode":{"drawMode":0,"name":"Shaded","section":"Shading Mode"},"sceneLighting":true,"audioPlay":false,"sceneViewState":{"showFog":true,"showMaterialUpdate":false,"showSkybox":false,"showFlares":true,"showImageEffects":true,"showParticleSystems":true},"in2DMode":false,"pivot":{"x":0.7090681791305542,"y":6.512550354003906,"z":1.1624212265014649},"rotation":{"x":0.053400736302137378,"y":0.145357146859169,"z":-0.007859623059630394,"w":0.9879384636878967},"size":5.302351951599121,"orthographic":false}