{"cameraMode":{"drawMode":0,"name":"Shaded","section":"Shading Mode"},"sceneLighting":false,"audioPlay":false,"sceneViewState":{"showFog":true,"showMaterialUpdate":false,"showSkybox":false,"showFlares":true,"showImageEffects":true,"showParticleSystems":true},"in2DMode":false,"pivot":{"x":23.5648136138916,"y":1.727944254875183,"z":55.11452102661133},"rotation":{"x":-0.295509934425354,"y":-0.0943763330578804,"z":0.02934306487441063,"w":-0.9502468109130859},"size":4.6031036376953129,"orthographic":false}