{"cameraMode":{"drawMode":0,"name":"Shaded","section":"Shading Mode"},"sceneLighting":false,"audioPlay":false,"sceneViewState":{"showFog":true,"showMaterialUpdate":false,"showSkybox":false,"showFlares":true,"showImageEffects":true,"showParticleSystems":true},"in2DMode":false,"pivot":{"x":0.5071698427200317,"y":2.5244038105010988,"z":0.044277071952819827},"rotation":{"x":-0.2505614757537842,"y":-0.208563432097435,"z":0.055364739149808887,"w":-0.9437755346298218},"size":2.1719906330108644,"orthographic":false}