{"cameraMode":{"drawMode":0,"name":"Shaded","section":"Shading Mode"},"sceneLighting":false,"audioPlay":false,"sceneViewState":{"showFog":true,"showMaterialUpdate":false,"showSkybox":false,"showFlares":true,"showImageEffects":true,"showParticleSystems":true},"in2DMode":false,"pivot":{"x":-3.09619140625,"y":2.2154541015625,"z":-0.8681640625},"rotation":{"x":0.07741253823041916,"y":0.886526882648468,"z":-0.16077464818954469,"w":0.42692703008651736},"size":6.059130668640137,"orthographic":true}