{"cameraMode":{"drawMode":0,"name":"Shaded","section":"Shading Mode"},"sceneLighting":false,"audioPlay":false,"sceneViewState":{"showFog":true,"showMaterialUpdate":false,"showSkybox":false,"showFlares":true,"showImageEffects":true,"showParticleSystems":true},"in2DMode":false,"pivot":{"x":0.0,"y":1.1772708892822266,"z":0.13255691528320313},"rotation":{"x":-0.44031333923339846,"y":-0.014807705767452717,"z":0.007258465979248285,"w":-0.897723376750946},"size":4.673999309539795,"orthographic":false}