{"cameraMode":{"drawMode":0,"name":"Shaded","section":"Shading Mode"},"sceneLighting":false,"audioPlay":false,"sceneViewState":{"showFog":true,"showMaterialUpdate":false,"showSkybox":false,"showFlares":true,"showImageEffects":true,"showParticleSystems":true},"in2DMode":false,"pivot":{"x":11.657408714294434,"y":5.461009502410889,"z":1.6376076936721802},"rotation":{"x":-0.165738046169281,"y":-0.4497688412666321,"z":0.08532122522592545,"w":-0.873512327671051},"size":2.625917673110962,"orthographic":false}