{"cameraMode":{"drawMode":0,"name":"Shaded","section":"Shading Mode"},"sceneLighting":false,"audioPlay":false,"sceneViewState":{"showFog":true,"showMaterialUpdate":false,"showSkybox":false,"showFlares":true,"showImageEffects":true,"showParticleSystems":true},"in2DMode":false,"pivot":{"x":0.36465775966644289,"y":1.8512089252471924,"z":0.06746077537536621},"rotation":{"x":-0.3281732201576233,"y":-0.04758412390947342,"z":0.01655486971139908,"w":-0.9432768225669861},"size":7.470541954040527,"orthographic":false}