{"cameraMode":{"drawMode":0,"name":"Shaded","section":"Shading Mode"},"sceneLighting":false,"audioPlay":false,"sceneViewState":{"showFog":true,"showMaterialUpdate":false,"showSkybox":false,"showFlares":true,"showImageEffects":true,"showParticleSystems":true},"in2DMode":false,"pivot":{"x":-0.3021240234375,"y":0.775146484375,"z":-2.33203125},"rotation":{"x":0.004543422721326351,"y":0.9919317960739136,"z":-0.12111654877662659,"w":0.03721502423286438},"size":3.5547616481781008,"orthographic":true}