{"cameraMode":{"drawMode":0,"name":"Shaded","section":"Shading Mode"},"sceneLighting":true,"audioPlay":false,"sceneViewState":{"showFog":true,"showMaterialUpdate":false,"showSkybox":true,"showFlares":true,"showImageEffects":true,"showParticleSystems":true},"in2DMode":false,"pivot":{"x":26.982376098632814,"y":-6.690814018249512,"z":66.45906829833985},"rotation":{"x":0.3843444585800171,"y":-0.035995401442050937,"z":0.014998148195445538,"w":0.9223775863647461},"size":38.07831954956055,"orthographic":false}