{"cameraMode":{"drawMode":0,"name":"Shaded","section":"Shading Mode"},"sceneLighting":true,"audioPlay":false,"sceneViewState":{"showFog":true,"showMaterialUpdate":false,"showSkybox":true,"showFlares":true,"showImageEffects":true,"showParticleSystems":true},"in2DMode":false,"pivot":{"x":12.332335472106934,"y":1.0775099992752076,"z":5.836974143981934},"rotation":{"x":0.24310030043125153,"y":0.07488719373941422,"z":-0.01917562633752823,"w":0.9670431017875671},"size":47.06412124633789,"orthographic":false}