{"cameraMode":{"drawMode":0,"name":"Shaded","section":"Shading Mode"},"sceneLighting":true,"audioPlay":false,"sceneViewState":{"showFog":true,"showMaterialUpdate":false,"showSkybox":true,"showFlares":true,"showImageEffects":true,"showParticleSystems":true},"in2DMode":false,"pivot":{"x":777.1394653320313,"y":378.6760559082031,"z":316.4959411621094},"rotation":{"x":0.07973160594701767,"y":-0.0036268734838813545,"z":0.00018858775729313493,"w":0.9969117045402527},"size":510.4819030761719,"orthographic":false}