{"cameraMode":{"drawMode":0,"name":"Shaded","section":"Shading Mode"},"sceneLighting":false,"audioPlay":false,"sceneViewState":{"showFog":true,"showMaterialUpdate":false,"showSkybox":false,"showFlares":true,"showImageEffects":true,"showParticleSystems":true},"in2DMode":false,"pivot":{"x":12.991884231567383,"y":1.6150237321853638,"z":60.739784240722659},"rotation":{"x":-0.09982050955295563,"y":0.7176855802536011,"z":-0.10516033321619034,"w":-0.6811503767967224},"size":5.392989635467529,"orthographic":false}