{"cameraMode":{"drawMode":0,"name":"Shaded","section":"Shading Mode"},"sceneLighting":true,"audioPlay":false,"sceneViewState":{"showFog":true,"showMaterialUpdate":false,"showSkybox":true,"showFlares":true,"showImageEffects":true,"showParticleSystems":true},"in2DMode":false,"pivot":{"x":-19.12857437133789,"y":-30.516586303710939,"z":48.95798110961914},"rotation":{"x":-0.26459383964538576,"y":0.23074500262737275,"z":-0.06527914106845856,"w":-0.9341428279876709},"size":88.25096130371094,"orthographic":false}