{"cameraMode":{"drawMode":0,"name":"Shaded","section":"Shading Mode"},"sceneLighting":true,"audioPlay":false,"sceneViewState":{"showFog":true,"showMaterialUpdate":false,"showSkybox":true,"showFlares":true,"showImageEffects":true,"showParticleSystems":true},"in2DMode":false,"pivot":{"x":38.86451721191406,"y":-4.4944915771484379,"z":69.4745101928711},"rotation":{"x":0.3242182433605194,"y":0.025533411651849748,"z":-0.008754579350352288,"w":0.9455986022949219},"size":49.65151596069336,"orthographic":false}