{"cameraMode":{"drawMode":0,"name":"Shaded","section":"Shading Mode"},"sceneLighting":false,"audioPlay":false,"sceneViewState":{"showFog":true,"showMaterialUpdate":false,"showSkybox":false,"showFlares":true,"showImageEffects":true,"showParticleSystems":true},"in2DMode":false,"pivot":{"x":5.024628639221191,"y":0.8242077827453613,"z":70.17363739013672},"rotation":{"x":0.04110420495271683,"y":0.7394528388977051,"z":-0.6704556941986084,"w":0.04530928283929825},"size":5.541432857513428,"orthographic":false}