{"cameraMode":{"drawMode":0,"name":"Shaded","section":"Shading Mode"},"sceneLighting":false,"audioPlay":false,"sceneViewState":{"showFog":true,"showMaterialUpdate":false,"showSkybox":false,"showFlares":true,"showImageEffects":true,"showParticleSystems":true},"in2DMode":false,"pivot":{"x":28.862911224365236,"y":1.3397220373153687,"z":54.83000183105469},"rotation":{"x":0.07741253823041916,"y":0.886526882648468,"z":-0.16077464818954469,"w":0.42692703008651736},"size":7.23366117477417,"orthographic":true}