{"cameraMode":{"drawMode":0,"name":"Shaded","section":"Shading Mode"},"sceneLighting":false,"audioPlay":false,"sceneViewState":{"showFog":true,"showMaterialUpdate":false,"showSkybox":false,"showFlares":true,"showImageEffects":true,"showParticleSystems":true},"in2DMode":false,"pivot":{"x":-0.6525764465332031,"y":1.4828441143035889,"z":-0.939389705657959},"rotation":{"x":0.09989065676927567,"y":0.8891679048538208,"z":-0.23321224749088288,"w":0.380885511636734},"size":6.202352523803711,"orthographic":false}