{"cameraMode":{"drawMode":0,"name":"Shaded","section":"Shading Mode"},"sceneLighting":true,"audioPlay":false,"sceneViewState":{"showFog":true,"showMaterialUpdate":false,"showSkybox":true,"showFlares":true,"showImageEffects":true,"showParticleSystems":true},"in2DMode":false,"pivot":{"x":1.279958724975586,"y":-191.4247283935547,"z":255.791259765625},"rotation":{"x":-0.3787463307380676,"y":0.03940621018409729,"z":-0.016142921522259713,"w":-0.9245280027389526},"size":291.07757568359377,"orthographic":false}