{"cameraMode":{"drawMode":0,"name":"Shaded","section":"Shading Mode"},"sceneLighting":true,"audioPlay":false,"sceneViewState":{"showFog":true,"showMaterialUpdate":false,"showSkybox":true,"showFlares":true,"showImageEffects":true,"showParticleSystems":true},"in2DMode":false,"pivot":{"x":4.301689147949219,"y":1.8790677785873414,"z":70.0268325805664},"rotation":{"x":0.3055497109889984,"y":-0.11531699448823929,"z":0.03730747848749161,"w":0.944434404373169},"size":84.72486877441406,"orthographic":true}