{"cameraMode":{"drawMode":0,"name":"Shaded","section":"Shading Mode"},"sceneLighting":true,"audioPlay":false,"sceneViewState":{"showFog":true,"showMaterialUpdate":false,"showSkybox":true,"showFlares":true,"showImageEffects":true,"showParticleSystems":true},"in2DMode":false,"pivot":{"x":34.70000076293945,"y":61.20000076293945,"z":5.699999809265137},"rotation":{"x":0.28988170623779299,"y":-0.6483286023139954,"z":0.2937333881855011,"w":0.6398231983184815},"size":22.0,"orthographic":true}