{"cameraMode":{"drawMode":0,"name":"Shaded","section":"Shading Mode"},"sceneLighting":true,"audioPlay":false,"sceneViewState":{"showFog":true,"showMaterialUpdate":false,"showSkybox":true,"showFlares":true,"showImageEffects":true,"showParticleSystems":true},"in2DMode":false,"pivot":{"x":20.9063720703125,"y":33.84765625,"z":22.60546875},"rotation":{"x":0.2816992402076721,"y":0.24270901083946229,"z":-0.07386491447687149,"w":0.9253686666488648},"size":51.668006896972659,"orthographic":true}