{"cameraMode":{"drawMode":0,"name":"Shaded","section":"Shading Mode"},"sceneLighting":false,"audioPlay":false,"sceneViewState":{"showFog":true,"showMaterialUpdate":false,"showSkybox":false,"showFlares":true,"showImageEffects":true,"showParticleSystems":true},"in2DMode":false,"pivot":{"x":20.3021240234375,"y":0.66015625,"z":70.4478759765625},"rotation":{"x":0.2179320603609085,"y":-0.744307279586792,"z":0.5611433982849121,"w":0.2895432114601135},"size":18.50188446044922,"orthographic":true}